image_file,image_name,document_type,processing_time,field_count,found_fields,field_coverage,prompt_used,timestamp,overall_accuracy,fields_extracted,fields_matched,total_fields,inference_only,DOCUMENT_TYPE,BUSINESS_ABN,SUPPLIER_NAME,BUSINESS_ADDRESS,PAYER_NAME,PAYER_ADDRESS,INVOICE_DATE,STATEMENT_DATE_RANGE,LINE_ITEM_DESCRIPTIONS,LINE_ITEM_QUANTITIES,LINE_ITEM_PRICES,LINE_ITEM_TOTAL_PRICES,IS_GST_INCLUDED,GST_AMOUNT,TOTAL_AMOUNT,TRANSACTION_DATES,TRANSACTION_AMOUNTS_PAID
cba_amount_balance.png,cba_amount_balance.png,bank_statement,177.38785028457642,5,6,29.411764705882355,llama_bank_statement,2025-12-10T00:47:51.795465,88.00000000000001,6,4,5,False,BANK_STATEMENT,NOT_FOUND,NOT_FOUND,NOT_FOUND,NOT_FOUND,NOT_FOUND,NOT_FOUND,03 Jun 2023 - 14 Jun 2023,GROCERY MARKET SUBURB NSW AUS | DEPARTMENT STORE SHOPPING DIST NS AUS | CAFE CENTRAL T 54321F SUBURB AUS | CAFE CENTRAL T 54321F SUBURB AUS | ONLINE RETAILER.COM SYDNEY AU AUS | SERVICE STATION SUBURB NS AUS | SERVICE STATION SUBURB NS AUS | ONLINE SUBSCRIPTION SYDNEY AU AUS | ONLINE SUBSCRIPTION SYDNEY AU AUS | ELECTRONICS 9876 SUBURB NSW AUS | PHARMACY SERVICES MELBOURNE AUS | BOOKSTORE 2345 SYDNEY AUS,NOT_FOUND,NOT_FOUND,NOT_FOUND,NOT_FOUND,NOT_FOUND,NOT_FOUND,03 Jun 2023 | 04 Jun 2023 | 06 Jun 2023 | 06 Jun 2023 | 07 Jun 2023 | 08 Jun 2023 | 08 Jun 2023 | 09 Jun 2023 | 09 Jun 2023 | 10 Jun 2023 | 12 Jun 2023 | 14 Jun 2023,-$78.90 | -$345.80 | -$24.50 | -$31.20 | -$18.95 | -$95.40 | -$28.60 | -$89.00 | -$145.50 | -$567.30 | -$42.85 | -$234.90
cba_debit_credit.png,cba_debit_credit.png,bank_statement,185.4866225719452,5,6,29.411764705882355,llama_bank_statement,2025-12-10T00:47:51.795493,97.93103448275863,6,2,5,False,BANK_STATEMENT,NOT_FOUND,NOT_FOUND,NOT_FOUND,NOT_FOUND,NOT_FOUND,NOT_FOUND,20 May - 24 May,Direct Debit 987654 Loan Repayment | RETAIL STORE SUBURB AU | SUPERMARKET SHOPPING SUBURB AU | SHOPPING SUBURB SUBURB AU | SHOPPING SUBURB SUBURB AU | Store RSL Suburb0 AU | Transfer To financially sorted | GROCERY STORE SUBURB AU | PETROL STATION SUBURB VICAU | RETAIL STORES SUBURB VICAU | DEPARTMENT STORE PTY LTD SUBURB VIC AU | RETAIL STORES EASTLINK VIC SUBURB AU | RETAIL STORE PTY LTD Suburb VICAU | RETAIL STORE PTY LTD Suburb VICAU,NOT_FOUND,NOT_FOUND,NOT_FOUND,NOT_FOUND,NOT_FOUND,NOT_FOUND,20 May | 21 May | 21 May | 21 May | 21 May | 21 May | 21 May | 22 May | 22 May | 22 May | 23 May | 23 May | 23 May | 23 May,"178.50 | 245.00 | 89.95 | 34.50 | 67.00 | 145.80 | 450.00 | 124.00 | 78.90 | 56.40 | 1,456.80 | 67.75 | 89.25 | 45.80"
cba_highligted.png,cba_highligted.png,bank_statement,135.257009267807,5,6,29.411764705882355,llama_bank_statement,2025-12-10T00:47:51.795508,100.0,6,5,5,False,BANK_STATEMENT,NOT_FOUND,NOT_FOUND,NOT_FOUND,NOT_FOUND,NOT_FOUND,NOT_FOUND,21 Mar - 03 Apr 2024,Salary CORPORATION PTY LTD BANK ACCOUNT | Transfer to xx9876 CommBank app,NOT_FOUND,NOT_FOUND,NOT_FOUND,NOT_FOUND,NOT_FOUND,NOT_FOUND,23 Mar | 02 Apr,"$2,145.80 | $4,200.00"
image_001.png,image_001.png,receipt,70.6904788017273,14,14,82.35294117647058,llama_receipt,2025-12-10T00:47:51.795524,100.0,14,14,14,False,RECEIPT,06082698025,Liberty Oil,481 Bourke Street Perth WA 6000,Robert Taylor,243 Adelaide Street Perth WA 6000,05/08/2025,NOT_FOUND,Car Wash | Coffee Large | Unleaded Petrol | Car Wash | Diesel,3 | 1 | 1 | 2 | 3,$15.00 | $4.50 | $1.65 | $15.00 | $1.70,$45.00 | $4.50 | $1.65 | $30.00 | $5.10,true,$8.62,$94.87,NOT_FOUND,NOT_FOUND
image_002.png,image_002.png,receipt,76.36319947242737,14,14,82.35294117647058,llama_receipt,2025-12-10T00:47:51.795538,100.0,14,14,14,False,RECEIPT,29466483258,Ampol Limited,680 Collins Street Darwin NT 0800,Sophie Martin,467 Collins Street Hobart TAS 7000,18/07/2025,NOT_FOUND,Energy Drink | Premium Unleaded | Coffee Large | Premium Unleaded | Car Wash | Premium Unleaded,1 | 1 | 2 | 2 | 2 | 2,$4.20 | $1.75 | $4.50 | $1.75 | $15.00 | $1.75,$4.20 | $1.75 | $9.00 | $3.50 | $30.00 | $3.50,true,$5.20,$57.15,NOT_FOUND,NOT_FOUND
image_004.png,image_004.png,receipt,73.99317908287048,14,14,82.35294117647058,llama_receipt,2025-12-10T00:47:51.795551,100.0,14,14,14,False,RECEIPT,66658925499,Liberty Oil,993 Pitt Street Darwin NT 0800,William Harris,52 Bourke Street Darwin NT 0800,19/07/2025,NOT_FOUND,Premium Unleaded | Diesel | Unleaded Petrol,1 | 2 | 3,$1.75 | $1.70 | $1.65,$1.75 | $3.40 | $4.95,true,$1.01,$11.11,NOT_FOUND,NOT_FOUND
image_005.png,image_005.png,invoice,68.13570833206177,14,14,82.35294117647058,llama_invoice,2025-12-10T00:47:51.795564,100.0,14,14,14,False,INVOICE,73154562747,Aussie Office Supplies Pty Ltd,123 Collins Street Melbourne VIC 3000,Perth Building Materials,456 George Street Sydney NSW 2000,06/08/2025,NOT_FOUND,Wireless Mouse | Desk Lamp | Wireless Mouse | Printer Paper | Monitor Stand,3 | 3 | 2 | 3 | 1,$490.12 | $38.84 | $431.58 | $138.58 | $1968.24,$1470.35 | $116.53 | $863.17 | $415.74 | $1968.24,true,$439.46,$4834.03,NOT_FOUND,NOT_FOUND
image_006.png,image_006.png,invoice,87.43709564208984,14,14,82.35294117647058,llama_invoice,2025-12-10T00:47:51.795575,100.0,14,14,14,False,INVOICE,26668321195,Maritime Mechanics,1/92 Watt Road Mornington VIC 3931,Tod Nestor,29 Frederick Street FERNTREE GULLY VIC 3156,27/08/2025,NOT_FOUND,VRS Kit | Pushrods | Ex Valve | Injector Nozzle | Labour - To Date | Labour - To Complete | Freight - Parts In,1.0 | 2.0 | 1.0 | 1.0 | 5.5 | 8.5 | 1.0,$356.25 | $86.87 | $181.25 | $478.60 | $180.00 | $180.00 | $40.00,$356.25 | $173.74 | $181.25 | $478.60 | $990.00 | $1530.00 | $40.00,true,$374.98,$4124.82,NOT_FOUND,NOT_FOUND
image_007.png,image_007.png,invoice,72.63162231445312,14,14,82.35294117647058,llama_invoice,2025-12-10T00:47:51.795587,92.85714285714286,14,13,14,False,INVOICE,64086174781,Telstra Limited,ABN 64 086 174 781,Mr Maurice Nestor,29 Frederick Street FERNTREE GULLY VIC 3156,16/07/2025,NOT_FOUND,Mobile service 0428 521 734 | Mobile data service 0459 246 813 | Mobile data service 0409 760 513 | Mobile data service 0428 992 418,1 | 1 | 1 | 1,$45.00 | $30.00 | $25.00 | $20.00,$45.00 | $30.00 | $25.00 | $20.00,true,$10.91,$120.00,NOT_FOUND,NOT_FOUND
